sequence,cluster
Q8WZ42,0
P0C6X7,1
P0DTD1,1
P19711,2
Q03164,3
Q96T58,4
Q03132,5
P06935,6
P14335,6
Q9Q6P4,6
P05769,6
Q32ZE1,6
P14340,6
P12823,6
P29990,6
P17763,6
Q2YHF0,6
Q5UB51,6
P51587,7
I1WVY3,8
Q99IB8,9
P27958,9
Q9WMX2,9
O92972,9
Q69422,9
Q02388,10
Q25733,11
P25054,12
P04275,13
P21333,14
P46531,15
P26039,16
A5YV76,17
P49327,17
A4L7I2,18
A3RMR8,18
A4L7I4,18
P45481,19
Q92793,19
Q09472,19
P02549,20
O14187,21
P33334,21
P34369,21
A5YKK6,22
Q8NG31,23
P03305,24
P12296,24
G0S3L5,25
Q00955,25
Q8CJF7,26
Q8WYP5,26
A5HC98,27
P27708,28
P31327,28
O46385,29
P09327,29
P02640,29
P32639,30
P51123,31
P21675,31
P08799,32
Q9BE39,32
Q03479,32
S7W634,32
P04775,33
Q99250,33
Q7RTP6,34
Q8VDP3,34
P10587,35
Q6URW6,35
P05661,35
Q12888,36
P08775,37
P24928,37
P04052,37
P36594,37
C4R4Y0,37
P04050,37
Q2TAZ0,38
P29539,39
Q9SP32,40
Q80UG2,41
O60486,41
Q7X2A1,42
Q9H2Y7,43
P07293,44
Q13698,44
J8TM36,44
A0L5S6,44
P38398,45
P15146,46
P10636-8,46
P10636-2,46
P52948,47
O17428,48
K7J0R2,48
C4PB33,48
Q868N5,48
Q6A070,49
Q05022,50
Q13029,51
Q6R327,52
J7QLC0,53
P84634,54
Q9HCJ0,55
P29375,56
Q9UGL1,56
P53420,57
P52179,58
P47054,59
Q04637,60
Q04637-8,60
Q09427,61
Q09428,61
O60706-2,61
P10071,62
Q925J9,63
Q8TEK3,64
Q28146,65
Q05471,66
Q8TEQ6,67
Q24298,68
O81283,69
Q9SLF3,69
Q64487-12,70
P35236,70
Q04656,71
Q01097,72
P13569,73
P32521,74
P49790,75
Q9C000,76
Q15596,77
Q9Y6Q9,77
P40477,78
P28827,79
Q9V6K1,80
P12493,81
P03347,81
P12497,81
P04591,81
Q14191,82
Q8VHK2,83
P06786,84
O95405,85
A7ZUK2,86
Q86YV5,87
P08581,88
P0DOC6,89
Q96MS0,90
Q9NRR4,91
P06491,92
Q5VZK9,93
P35916,94
O60885,95
Q15059,95
Q13464,96
K9N5Q8,97
P0DTC2,97
P59594,97
Q07889,98
P80457,99
Q8K368,100
P07248,101
P34712,102
P21447,102
Q72J05,102
P09546,103
P49687,104
O86488,105
D1A4G7,106
O75533,107
P46674,108
P08392,109
Q9C0C7,110
Q7B8V4,111
Q00496,111
P30996,111
A0A384E149,111
P24785,112
P10686,113
P10688,113
Q48245,114
P35207,115
P47047,115
P28023,116
P38968,117
Q9HAU5,118
Q6VMQ6,119
G5ED39,120
Q8WVM7,121
P32004,122
P04626,123
P00533,123
P15941,124
P03315,125
P03316,125
P27284,125
Q920Q2,126
O14727,127
Q03834,128
Q01970,129
O00411,130
Q84852,131
P78504,132
Q9NR61,132
Q9HAV4,133
P21401,134
Q9JK11,135
Q9NQC3-1,135
P70475,136
P55980,137
P17120,138
Q53654,139
Q9Y613,140
Q92574,141
Q9UHB7,142
Q98148,143
E5LC01,143
P36161,144
Q8WUM0,145
Q9ESJ0,146
P00520,147
P00519,147
P00519-2,147
P12931,147
P06239,147
P08631,147
P07948,147
Q9U489,148
Q92540,149
Q92900,150
Q92900-2,150
P30771,150
Q13625,151
P40818,152
Q9VMA3,153
Q6CMF0,154
O17087,155
Q93009,156
O14776,157
P15436,158
Q06556,159
P32337,160
Q96PY5,161
Q6ZPF4,161
O00268,162
P56524,163
Q8IRG6,164
P20676,165
P49869,166
P42337,167
Q8BTI9,167
P18206-2,168
Q91VS8,169
Q9Y4F1,169
P21513,170
Q9UPP1,171
Q00944,172
Q05397,172
O60566,173
Q9U3S5,174
Q02413,175
P06756,176
P08514,176
Q8A6W3,177
A0A0G2JXC5,178
Q8K4J6,178
Q07912,179
P35729,180
P07276,181
Q90623,182
O14974,182
P35828,183
P22515,184
Q9UBE0,184
P09983,185
P16535,185
P41695,186
Q6P1M3,187
P14738,188
Q9Y6C2,189
Q9UPR3,190
Q9BVI0,191
Q6GX35,192
E2IHW6,192
A7UMX5,193
Q8ILA1,194
Q9Z0U4,195
P08235,196
P04150,196
O94316,197
P06701,198
O94258,199
P10721,200
P29317,201
Q96PU5,202
O00308,202
Q703G9,203
P04711,204
Q95ZK7,205
Q13563,206
Q9Y5B0,207
P54936,208
O14936,208
Q02629,209
Q9NK80,210
P32504,211
Q9NQC7,212
Q8GUI6,213
Q9Y239,214
P39935,215
Q0WYX8,216
Q5A3P6,217
O95644,218
Q13469,218
Q01831,219
P62944,220
P06401,221
Q9UNA0,222
P06400,223
P20849,224
P10275,225
P78953,226
Q9NQS7,227
Q80VW5,228
P32917,229
O60502,230
Q05140,231
Q61548,231
Q9VI75,231
P02730,232
P19827,233
Q27974,234
Q17RS7,235
Q8WXE9,236
P49736,237
P06437,238
Q8IYB3,239
Q00653,240
Q92973,241
Q9Z1X4,242
Q62165,243
Q14118,243
Q8IVH8,244
Q13188,244
O60741,245
P0A705,246
P04035,247
P0AFG8,248
P09803,249
P52848,250
P04386,251
O76074,252
O62301,253
O55000,254
O29867,255
P02671,256
P14448,256
Q9BXJ9,257
G0S4M4,257
O65934,258
P11171,259
P21575,260
Q05193,260
O00429,260
O00429-3,260
Q9YGY0,261
O15169,261
O35625,261
Q92854,262
Q13415,263
P01130,264
Q9UKV8,265
Q12102,266
P04578,267
O08785,268
Q96T21,269
A0A0J9X1Q5,270
A0A0H2ZP82,271
P56926,272
Q9QUG2,273
P52630,274
P40763,274
P42224,274
Q9QWH1,275
O88393,276
P34021-2,277
Q96RI1,277
O75469,277
P10388,278
P35869,279
Q9NZ94,280
Q69ZK9,280
P07140,280
P22303,280
P42226,281
P15498,282
P22173,283
Q9I1X7,284
E6Y5X0,285
P97303,286
Q7Z3C6,287
Q8N1G2,288
Q2JIZ5,289
P10961,290
Q99523,291
P11938,292
Q16665,293
P30260,294
Q9UDY8,295
P14907,296
O43313,297
Q9UJX6,298
P22216,299
P20807,300
Q07009,300
Q9BUQ8,301
O35274,302
Q13164,303
P53779,303
Q39026,303
P27361,303
P50750,303
P53778,303
P16892,303
Q9VKJ9,304
P19634,305
Q9SU24,306
Q0JRZ9,307
Q03518,308
Q03519,308
Q9UJX5,309
Q04660,310
P22059,311
Q9HCB6,312
Q01853,313
P55072,313
A0A3N4AZ09,314
Q9BYF1,315
Q5JJ98,316
Q8ZRP0,317
P40136,318
Q15542,319
Q9UBK2,320
P05556,321
P05106,321
P18564,321
P05107,321
P25644,322
Q96T88,323
Q15843,323
P53874,324
Q09161,325
P21580,326
Q7KZI7,327
O08679,327
Q99835,328
Q8ZRW0,329
Q8IYB8,330
P08047,331
Q03653,332
Q02248,333
P35222,333
F1QGH7,333
O44326,333
Q5RJI5,334
P11309,334
Q86UE8,335
P12957,336
P05067,337
P08592,337
P00974,337
C4M7X2,338
Q15046,338
P0A8N3,338
P11387,339
Q9NQA5,340
Q9H1D0,340
O50008,341
P00452,342
O43312,343
Q8R1S4,343
P0ABH9,344
P03431,345
P40692,346
Q9UJX4,347
P14736,348
Q9C552,349
P9WI73,350
O14672,351
P04985,352
Q15910,353
Q9EPH0,354
P46673,355
Q00780,356
P14859,357
O13828,358
Q9UER7,359
O35613,359
P18272,360
Q06628,361
Q23985,362
O60568,363
P35611,364
P35612,364
Q9DBZ9,365
O00522,366
B4Y891,367
Q9WBP8,367
Q808Y3,367
O56139,367
Q9YIJ1,367
Q15418,368
P23443,368
P28698,369
Q9EPU7,369
Q03611,370
P13010,371
P00488,372
Q08188,372
P52272,373
P16869,374
P42512,374
O60563,375
Q9ZPI5,376
Q9NQI0,377
Q9NQI0-2,377
D0PV95,377
O00571,377
P27986,378
O08908,378
P31016,379
Q05344,380
P37330,381
P32499,382
Q9ZVD0,383
Q51912,384
P39007,385
P51023,386
P27577,386
P14921,386
P20591,387
P20592,387
P20239,388
P27321,389
P20810,389
B9KDD4,390
P51617,391
Q92945,392
Q9SUM3,393
P38038,393
P51400,394
P05055,395
P80870,395
P02788,396
Q9IK91,397
O55778,397
P03070,398
P00736,399
P48740-3,399
P27472,400
Q9XTN4,401
P09951,402
O15234,403
Q14978,404
P56696,405
P51787,405
P49915,406
Q96SD1,407
Q8NBP7,408
P13551,409
Q5SHN5,409
Q7L2J0,410
P78362,411
P07342,412
P0CL52,413
Q7LKB1,414
P05453,414
O74718,414
Q8RNT4,415
Q15582,416
Q43125,417
Q7TP21,418
P27694,418
P59113,419
Q96AC1,419
Q86UX7,419
Q03692,420
P56287,421
P22121,422
P49848,423
P16278,424
Q9UQC2,425
Q05320,426
P87666,426
F1QCV2,427
O75807,428
P20444,429
Q9ERE3,429
P31751,429
P31749,429
F1RAX4,430
Q05080,431
P02545,432
Q96EP1,433
P0ABI8,434
Q9UM07,435
Q24246,436
Q03281,437
P16050,438
P08253,439
P07567,440
Q01844,441
Q12778,442
P98177,442
P08510,443
P07363,444
P11021,445
P0DMV9,445
P09446,445
P63018,445
P0A6Y8,445
Q96GC6,446
P10674,447
P40357,448
P49757,449
P37727,450
P19880,451
Q09683,452
P04049,453
Q6P5W5,454
P30291,455
P01042,456
F0ZBA6,457
O14777,458
P32776,459
Q9SKB2,460
Q9UBT2,461
Q9SKI4,462
Q10Q08,462
Q1K7R9,462
Q07528,463
P31896,464
Q9UJY5,465
P50542,466
Q15637,467
P10912,468
P08240,469
Q01924,470
O15350,471
P04637,471
P11940,472
P04147,472
Q15717,472
P16243,473
O23813,474
Q9V0U0,475
P06782,476
Q06787,477
Q04049,478
Q9WTL8,479
P20823,480
P35680,480
P17405,481
P38862,482
P13797,483
Q14258,484
Q0PF16,484
Q96RF0,485
Q9Y5X1,485
Q9H981,486
Q9UHD9,487
P16471,488
P50490,489
Q9TY14,489
O61130,489
P00734,490
P00742,490
P00740,490
P00749,490
P00760,490
P07477,490
O75928,491
Q13042,492
O43663,493
Q9NQB0,494
P27782,494
P43403,495
Q9UBU9,496
Q9UBP0,497
O16299,497
P34808,497
Q68DK7,498
A2VD23,499
O43070,500
P23588,501
P22470,502
P12956,503
Q8RWK8,504
O23661,505
Q676U5,506
P0A3B2,507
Q49AN0,508
Q9R194,508
P97784,508
Q60795,509
Q16236,509
P53350,510
Q9IH62,511
Q7KLE5,512
Q15642,513
P29536,514
Q9UJX3,515
Q5D1E7,516
Q5D1E8,516
Q9VXJ0,517
Q9UJX2,518
P03372,519
Q92731,519
O95718,519
Q85258,520
P36106,521
P61765,522
P04480,523
P08083,523
O74774,524
Q92804,525
O96013,526
Q13153,526
Q13177,526
Q29502,526
Q91V27,527
Q28181-4,528
Q8RY59,529
M5BF30,529
P34233,530
P15311,531
P0AD27,532
P40709,532
F1QR43,533
O95391,534
P07476,535
P12537,536
P53632,537
P41214,538
P29353,539
Q13740,540
P09883,541
Q08605,542
P46014,543
P0ABS5,544
P53865,545
P70604,546
Q14995,547
O60508,548
O88339,549
Q80VP1,549
Q9Y6I3,549
P43250,550
P28327,550
P60484,551
P60484-2,551
P16009,552
Q94218-2,553
Q14194,554
P97427,554
Q55DL0,554
P30429,555
P30429-2,555
P06149,556
Q96AY2,557
Q9DQX7,558
P13699,558
P04859,559
P42568,560
P37173,561
Q06696,562
P49235,563
P03437,564
H0W0T5,565
Q9UBW5,566
P36871,567
O30916,568
P00392,569
Q5V913,570
C4LQ26,570
A0A2Z5UJ33,570
Q99741,571
Q92558,572
P35052,573
Q09882,574
Q13573,574
P17181,575
P0AG67,576
P15391,577
P47523,578
P17109,579
Q9RQJ2,580
Q9P2K3-3,581
Q9UKL0,581
Q13485,582
Q15796,582
P84022,582
P42003,582
Q15797,582
Q04206,583
Q04207,583
Q548Y4,583
Q4JC68,584
P35520,585
Q16630,586
P02547,587
P08670,587
P35201,588
P53954,589
Q2GI62,590
P00800,591
P09950,592
Q9N4U5,593
Q9H211,594
Q60598,595
O96017,596
Q8BH64,597
B6KJB6,598
Q02821,599
A7YK37,600
E3T1W8,601
Q9T0N8,601
Q709Q5,601
Q14449,602
O88900,602
G5EFZ1,603
Q8WUG5,604
O88483,605
Q4F883,606
O54928,607
Q8I295,608
Q9LQT8,609
P15848,610
Q9IK92,611
O89339,611
Q89933,611
Q77M43,611
Q9H816,612
P36894,613
P26599,614
Q9SZF7,615
O75475,616
P03265,617
Q15517,618
Q3MIT2,619
A0A0F7RL08,620
A0A0H3GD84,621
P9WGI1,622
O32728,622
Q9H3P2,623
P71590,624
P35637,625
Q9S7B5,626
Q96N21,627
Q07097,628
Q8AVN9,629
Q9Y6G9,630
Q16222,631
Q16222-2,631
O43172,632
Q9BPZ7,633
Q8N884,634
Q08209,635
P62137,635
Q8N5Y2,636
Q93P54,637
Q9BYI3,638
Q8IU57,639
P51449,640
P22605,640
O75143,641
Q62902,642
P49257,642
P35269,643
Q8R316,644
Q9W058,645
P04968,646
O43474,647
Q9NYB9,648
Q2VL32,649
Q7L804,650
Q9XTW2,651
Q9J0X9,652
Q8IW19,653
Q5XJY5,654
Q01101,655
P05031,656
P12081,657
P28583,658
Q63450,658
P41208,658
P05434,658
P41209,658
P63098,658
Q96F86,659
P56777,660
P07237,661
P03422,662
Q02078,663
P51513,664
P56206,665
P22473,666
P0AG16,667
P37231,668
P11473,668
P32566,669
P46937,670
P46938,670
Q9UMS4,671
Q81G39,672
Q9BZZ5-2,673
P50097,674
O43516,675
A0LU48,676
P42573,677
P55210,677
P42768,678
Q91YD9,678
Q42521,679
Q9M4V2,680
Q99958,681
Q16647,682
F1RE08,682
P53041,683
Q12834,684
Q9UM11,684
P05546,685
Q9UK55,685
P01009,685
P36952,685
P04177,686
Q13568,687
Q14653,687
P10121,688
Q00987,689
Q00987-11,689
P98170,690
P06179,691
Q9NS91,692
P77522,693
P0AFF6,694
O60701,695
P49189,696
P11166,697
O62479,698
P08669,699
P68336,700
P06492,700
P04486,700
Q09260,701
P80428,702
P68135,702
O74958,703
Q658P3,704
Q4V8K1,704
P51608,705
O88998,706
P01019,707
P11859,707
Q9UMX1,708
Q9Z0P7,708
P07986,709
P33322,710
P36100,711
Q13547,712
P89522,713
P9WNR7,714
P58004,715
P10619,716
Q92743,717
O43464,717
P83110,717
Q9UMR2,718
Q13838,718
P38919,718
P10081,718
O43236,719
O43236-6,719
P41814,720
A0KJC7,721
P04004,722
Q12406,723
P24255,724
Q6NUK1,725
Q9C1S9,726
P26368,727
P22449,728
P19793,728
P48443,728
Q9GSG7,728
B9UCQ5,728
P02774,729
P53378,730
P41351,730
P68363,730
P32882,730
P41352,730
P30307,731
Q02199,732
O53168,733
P02533,734
P00880,735
Q7K5N4,736
Q9WUP7-2,736
P15374,736
P39900,737
P03956,737
P09237,737
P49005,738
F8UU09,739
P15273,740
Q93KQ4,740
Q9JIH2,741
Q9UKX7,741
P49768,742
Q8MWS6,743
S6B291,744
O60260,745
Q9JK66,745
C0J347,746
P53780,747
P53136,748
Q8TBC4,749
Q8LBP4,750
Q9HD26,751
Q56WD9,752
P07805,753
P11926,753
O35484,753
O14977,753
P17105,754
P23677,754
Q9Y5C1,755
P9WJD9,756
Q99LM3,757
Q16790,758
P23280,758
P01730,759
Q9Y261,760
Q06433,761
Q13451,762
Q8WV28,763
P40161,764
O60239,765
P21758,766
O00189,767
P84092,767
P35585,767
Q928V6,768
Q9H8Y8,769
O35254,769
Q969F2,770
Q57565,771
Q14457,772
O88597,772
Q06710,773
P26367,773
Q02548,773
P0DOF3,774
Q8JXF6,774
P05059,775
P40719,776
P21952,777
Q15113,778
Q9SR19,779
P10565,780
P05371,781
Q9UKT4,782
O15922,783
P27695,783
P76216,784
P50477,785
Q67953,786
Q14849,787
Q3UKX1,788
A1L1Q4,788
P47480,789
P43629,790
A6NI73,790
Q9BSQ5,791
P0A6H5,792
Q07666,793
Q13501,794
Q9Z2F5,795
Q13363,795
O76463,796
P49789,796
P01106,797
Q6P8Z1,797
P29083,798
P54274,799
P62495,800
Q01094,801
P08621,802
Q9DBG5,803
P30328,804
Q02554,805
Q05753,806
Q9SQK3,806
P36080,807
Q96Q11,808
P14635,809
Q68FT9,810
P28324,811
P18075,812
P41969,813
Q22942,814
P52874,815
P36578,816
Q9JPP1,817
P08476,818
Q6ZVN8,819
Q96RD7,820
Q16576,821
P22234,822
P03661,823
O95630,824
P10761,825
Q09535,826
P50440,827
Q2KIG3,828
Q716H0,829
P59595,830
P0DTC9,830
O23764,831
P07598,832
Q5SQI0,833
P49841,834
A6QHR2,835
P17870,836
P32120,836
Q8NBZ7,837
Q00958,838
Q14722,839
P63144,839
P32170,840
O14733,841
P45985,841
P52564,841
P0AG30,842
Q9Y6K9,843
P43351,844
Q9Y823,845
P36955,846
P27797,847
P28300,848
P09041,849
P00558,849
P13199,850
Q23229,851
P78356,852
P31324,853
P13861,853
P00514,853
P31321,853
P55211,854
P42574,854
P52597,855
Q01080,856
Q06486,857
Q13148,858
P0CU47,859
P70429,860
Q8IW75,861
P29274,862
P30542,862
Q81AN8,863
A8ULG6,863
Q9UBB5,864
Q13569,865
P24864,866
Q9H5I1,867
P17778,868
P05455,869
Q39532,870
Q16186,871
Q9BS26,872
Q15109,873
Q9GZZ9,874
O14965,875
Q96GD4,875
P05121,876
Q12432,877
Q8WVQ1,878
B2LME8,879
Q27934,880
P11157,881
P09938,881
P49723,881
Q9Z8L4,882
P07221,883
O14958,883
O66493,884
P42866,885
P25024,885
P21109,885
O66858,886
P32628,887
P54725,887
Q96G97,888
Q88QP8,889
P0CE48,889
P28229,890
P08050,890
Q01231,890
P28235,890
P08033,890
Q8I2X3,891
Q06208,892
P31153,893
Q9Y4P1,894
Q91ZW2,895
O01479,896
Q91006,896
Q9DEA6,896
Q3U4G3,897
P01137,898
Q96FI4,899
Q9CXY6,900
Q12905,900
P14598,901
O80358,902
P83949,903
Q9U3N4,904
Q9VZU1,905
Q8R464,906
Q91MK1,907
K9MZ21,907
Q9UKT5,908
O75936,909
P15309,910
Q86VN1,911
Q9FLN8,912
P54687,913
P33309,914
P16458,915
Q9XWJ1,916
Q9UBR1,917
Q29983,918
P0A9A6,919
P17865,919
P0A9H7,920
P35813,921
P01100,922
P39748,923
P18615,924
Q91WA6,925
P15183,926
P49354,927
Q86WV6,928
Q16543,929
Q61081,929
P20351,930
Q22472,931
P16333,932
P55036,933
O94444,933
F2WK69,934
P69924,935
O75554,936
P0DTH5,937
Q9NPI8,938
O43791,939
P40316,940
Q8WUP2,941
P0AC88,942
P23441,943
P09651,944
P22626,944
Q24139,945
Q5UPT2,946
P13051-1,946
Q9I332,947
P06132,948
P19836,949
P0A9Q9,950
Q9Z214,951
O00204,952
O00204-2,952
P0DMM9,952
O43602,953
Q9Y2Z0,954
Q53GG5,955
O75112-6,955
Q9RJY2,956
P03087,957
Q13351,958
Q9LFG2,959
Q9XWG3,960
P54252,961
O75683,962
P21793,963
Q06810,964
O95149,965
P50148,966
P04695,966
P10824,966
P0C066,967
P07674,968
Q5NJL5,969
O14745,970
Q3UND0,971
P32357,972
M0Y2D5,973
Q8H1D4,974
P16442,975
P23202,976
Q9H832,977
O50835,978
P19339,979
P83755,980
P61073,981
Q62420,982
P02760,983
Q12972,984
Q8VDQ1,985
P27001,986
P48439,987
P41780,988
P47110,989
Q8IYV9,990
P39286,991
Q8ZKB0,991
P02699,992
P22868,993
P36152,994
P04383,995
P15825,996
C6KSX0,997
P17810,998
Q5UPJ7,999
P25344,1000
P04083,1001
P19619,1001
P07355,1001
F6IAY2,1002
Q9SQQ6,1002
P0A910,1003
P12996,1004
Q9VPU8,1005
Q9MAA7,1006
P50616,1007
Q12000,1008
P0A903,1009
Q12476,1010
Q56026,1011
Q32NN2,1012
Q96PU8,1012
Q96PU8-9,1012
Q9WTY2,1013
Q8VEL9,1013
P55042,1013
P0ACN7,1014
Q8L3W1,1015
Q05127,1016
Q62627,1017
Q96IZ0,1017
Q14565,1018
Q06609,1018
O14832,1019
O28769,1020
P36932,1021
P0DJ89,1022
Q6SJQ7,1023
P11409,1024
Q13426,1025
O82132,1026
Q92905,1027
P52799,1028
P12359,1029
P23321,1029
O00273,1030
O95278,1031
Q9ES89,1032
P40999,1033
Q3LS93,1034
P34257,1035
A0A060ZAA1,1035
P14061,1036
P77173,1037
P45976,1038
P40517,1039
P16220,1040
Q04866,1041
Q9UBV7,1042
P46669,1043
Q8K419,1044
O00214,1044
Q05128,1045
P35260,1045
Q87P35,1046
P18065,1047
P25916,1048
P51946,1049
P62558,1050
Q9SEL7,1051
P55735,1052
P36118,1053
P23457,1054
P06709,1055
P96884,1055
P06734,1056
P29131,1057
Q8ZQC8,1058
P21815,1059
P25963,1060
P49918,1061
O33599,1062
P0AAC0,1063
A8BB85,1064
P0ABJ1,1065
P10451,1066
P10923,1066
Q9NT62,1067
P40344,1067
P60340,1068
P04818,1069
P45352,1069
Q6FI81,1070
F7DSA5,1071
P10163,1072
Q16831,1073
P26645,1074
Q9NRN7,1075
Q80ZV0,1076
Q87WW0,1077
P02687,1078
P02686,1078
P81558,1078
P04370-5,1078
P02686-5,1078
P46108,1079
P46108-2,1079
Q9NHC3,1079
O14214,1080
P07214,1081
P14653,1082
P76045,1083
Q8GY88,1084
P25891,1085
P40855,1086
P76407,1087
Q9NP98,1088
P45379,1089
Q99LJ8,1090
P90976,1091
Q0GBY3,1092
P22363,1092
Q9RFD6,1093
Q02297-10,1094
P25299,1095
P32867,1096
P39926,1096
P24385,1097
P30281,1097
P24005,1098
Q56062,1099
P06748,1100
Q61937,1100
P05221,1100
A0R1T8,1101
P13255,1102
Q7M3Y3,1103
P9WPI9,1104
P32684,1105
Q99598,1106
Q15631,1106
P03255,1107
P03254,1107
P03259,1107
Q6PHW0,1108
Q05917,1109
Q03689,1110
P32851,1111
P09038,1112
P24071,1113
Q9GZN7,1114
P32773,1115
P11746,1116
Q53TN4,1117
B7T1D7,1118
B7T1D9,1118
Q86XI6,1119
P38634,1120
Q03337,1121
P52945,1122
Q5RJL0,1123
P09012,1124
Q8IUQ4,1125
Q9NPF0,1126
P03069,1127
P13022,1128
Q9FUW7,1129
Q9KRE7,1130
P03607,1131
Q9HAN9,1132
Q92837,1133
P98066,1134
Q9VAN6,1135
F9UST4,1136
A5F384,1137
P0DTC3,1138
Q6QCC2,1139
G3V7P1,1140
O08807,1141
Q13162,1141
Q63716,1141
Q15013,1142
P27088,1143
A0A1L8HX71,1143
P23025,1143
P21583,1144
P39015,1145
P27177,1146
Q9I9C0,1146
Q5S1W7,1146
P0A9D4,1147
Q81EJ6,1148
P50498,1149
P19599,1149
P13021,1150
Q8VHC5,1151
P63315,1151
C4M0U8,1151
P62152,1151
Q99967,1152
P15927,1153
Q9NS23-4,1154
Q14493,1155
Q00169,1156
O49195,1157
P45523,1158
P17947,1159
P0A877,1160
P46670,1161
Q15691,1162
Q9BTT0,1163
P12302,1164
P18212,1164
Q9ZKK2,1165
O94907,1166
Q9UBT3,1166
Q09514,1167
P37028,1168
Q9Y580,1169
Q03768,1170
P42759,1171
P31168,1171
P42763,1171
O60828,1172
P03520,1173
P78794,1174
Q9NV23,1175
P04273,1176
P04925,1176
P04156,1176
P10279,1176
Q9I832,1177
P53853,1178
P70447,1179
Q5QGG3,1180
P03406,1180
P04324,1180
P03404,1180
Q70627,1180
Q90VU7,1180
C6KEI3,1180
P03407,1180
P43528,1181
P01555,1181
Q2MKA7,1182
Q9HKT1,1183
O43561,1184
Q9NVS9,1185
Q5L0X5,1186
Q96PM5,1187
Q2Q4X9,1188
A0A178W0D3,1189
P48598,1190
P06730,1190
P53551,1191
Q96H20,1192
Q12483,1192
Q64693,1193
Q9QXT8,1194
Q8R426-2,1194
Q9KX51,1195
Q81GI3,1196
Q5R6Q2,1197
O08583,1198
Q9JJW6,1198
P0A873,1199
Q49492,1200
P50402,1201
P60472,1202
P0A4T9,1203
O00299,1204
O15247,1204
Q9Y696,1204
P40949,1205
P35256,1206
F0TTD6,1207
A0ZWU1,1208
P33411,1209
Q9Y9L0,1210
P24937,1211
P17931,1212
P30793,1213
A6ND01,1214
Q9UNL4,1215
Q07412,1216
Q07955,1217
P40881,1218
Q8N1Q8,1219
Q5T1C6,1219
P33128,1220
Q92913,1221
P61328-2,1221
P63101,1222
P61587,1223
P63000,1223
Q18235,1224
Q9CQK7,1225
F2Z293,1226
Q38825,1227
O95292,1228
P17677,1229
P06836,1229
P12579,1230
P03421,1230
P01139,1231
P12736,1232
Q4DRC4,1233
Q26997,1233
Q98325,1234
P01127,1235
P0A2N1,1236
Q01081,1237
P08294,1238
P00441,1238
B0Y813,1239
P02929,1240
P10415,1241
Q07817,1241
P53563,1241
Q64373,1241
Q9NR28,1242
Q04884,1243
P0CU49,1244
Q2TUW1,1245
D2JX42,1245
A0A1Z3GD05,1245
A0A1Z3GD08,1245
Q16629,1246
Q92886,1247
Q71FK2,1248
J7M799,1249
P0CU45,1249
P0CU50,1249
P0CU48,1249
P0CU46,1249
P0CU51,1249
P0CU52,1249
P0CU43,1249
P0CU44,1249
P50553,1250
P49427,1251
P60604,1251
Q96B02,1251
Q9BQ50,1252
P35521,1253
P21374,1254
P38516,1255
P60723,1255
P41227,1256
P33905,1257
Q99801,1258
P04183,1259
F4JL28,1260
Q8WUN7,1261
Q9NXV2,1262
Q58MU6,1263
P45577,1264
P12301,1265
O69245,1266
Q96EQ8,1267
P12355,1268
P03496,1269
Q9CXW3,1270
Q9HB71-2,1270
P40259,1271
Q20728,1272
Q8N488,1273
Q8CJ26,1274
P80723,1275
Q39805,1276
P11912,1277
O35718,1278
P78330,1279
P02666,1280
Q59471,1281
Q9JI51,1282
Q9ERE7,1283
Q8IG33,1283
Q8T9B6,1283
O87120,1284
O06522,1284
Q9BRT9,1285
P19972,1286
Q9Y3E7,1287
P08263,1288
O57173,1289
P58753,1290
Q8VZS8,1291
Q84MC7,1291
Q5T4W7,1292
P70280,1293
P31109,1293
P33328,1293
P53927,1294
P16035,1295
P0AFC7,1296
Q68J44,1297
P15865,1298
Q9Y296,1299
P08008,1300
Q6F3E8,1301
Q9UKK9,1302
P49785,1303
Q26680,1304
P07749,1304
P75966,1305
P0AFX7,1306
P62826,1307
Q8BPB0,1308
Q9BRX5,1309
P0DMC7,1310
P07746,1311
P63158,1311
P09429,1311
P63159,1311
P11632,1311
P08067,1312
P21734,1313
P51965,1313
P27635,1314
P40337,1315
Q58876,1316
Q9BQB4,1317
Q99P68,1317
P0AB38,1318
P77072,1319
P08179,1320
P05231,1321
Q16667,1322
Q2UZM9,1323
C9ZXG5,1323
Q07731,1324
P39905,1324
Q9BQ15,1325
Q9XTY3,1326
P27682,1326
Q8GYN5,1327
Q16611,1328
P19429,1329
P48788,1329
P68246,1329
Q16595,1330
P0CY08,1331
P14602,1332
P02511,1332
O14558,1332
O75496,1333
O88513,1333
Q8TEA8,1334
O95843,1335
P46065,1335
P51177,1335
Q99075,1336
Q44522,1337
Q57530,1337
P20340,1338
P11233,1338
Q9SN68,1338
P01112,1338
Q15382,1338
P10114,1338
P07766,1339
P82804,1340
P49765,1341
P09919,1342
P60881,1343
P60880,1343
Q9DCL8,1344
P41236,1344
Q9S446,1345
P05205,1346
P83916,1346
P83917,1346
P49799,1347
P55789,1348
Q8GXX0,1348
P62696,1349
Q61337,1350
Q9BUH6,1351
Q07930,1352
Q9HD36,1353
P0ABJ3,1354
Q9Q8N4,1355
P07516,1356
O95997,1357
P47142,1358
Q9BRG1,1358
P05452,1359
Q9X0Q3,1360
O14713,1361
P27058,1362
Q07108,1363
Q9X8U3,1364
P37455,1364
P78560,1365
Q9BUL9,1366
P46527,1367
O43806,1367
P31431,1368
Q57904,1369
Q921Z5,1370
O95147,1371
P09372,1372
Q53FT3,1373
P11686,1374
O31851,1375
O54918,1376
P0A9K9,1377
Q14691,1378
A8AZZ3,1379
P70444,1380
P55957,1380
P02259,1381
P10922,1381
P07305,1381
Q05158,1382
P67966,1382
P16006,1383
P42758,1384
P47813,1385
I7MK25,1385
Q99ML1,1386
P0ADC1,1387
P69723,1388
P12504,1388
Q47184,1389
Q07812,1390
P80644,1391
P74518,1392
P0ADV9,1393
P02668,1394
Q7DB66,1395
P19250,1396
P45561,1397
E6PBU9,1398
A1B8N7,1399
Q83AR4,1400
O75223,1401
P30185,1402
P35926,1403
Q91ZE9,1404
P68390,1405
P47710,1406
Q02521,1407
P38801,1408
Q8IV16,1409
P53193,1410
Q9H875,1411
Q96RJ3,1412
P0AFE0,1413
P81019,1414
P09693,1415
P04234,1415
P55145,1416
P0AFG0,1417
P01071,1418
Q7DD77,1419
P0A707,1420
Q10589,1421
P0AFD6,1422
O60888,1423
Q54BW5,1424
P33316-2,1424
P06968,1424
P02754,1425
P0AGE2,1426
P0AGE0,1426
Q9WZ73,1426
P12272,1427
Q9A8N4,1428
Q9SQZ9,1429
Q9UKY0,1430
Q9SSN3,1431
Q05776,1432
P62330,1433
P34704,1434
Q06141,1435
P05451,1435
P9WKX3,1436
Q9Y5S9,1437
Q01417,1438
Q9FG31,1438
Q59472,1439
P0CF51,1440
P12464,1441
A0A2K8FR49,1442
Q96270,1442
P13693,1443
P63028,1443
Q10344,1443
A0A3S5Y0Q5,1444
Q9BP38,1445
P34087,1446
P49913,1447
Q58667,1448
Q64364,1449
Q8N726-1,1449
P35638,1450
O24646,1451
P12950,1452
P21246,1453
P63090,1453
Q9DDG2,1453
O15273,1454
P12357,1455
P01099,1456
P0AFD1,1457
P0DN86,1458
P0AFZ3,1459
P24522,1460
P41851,1461
Q980M2,1462
Q9FIX2,1463
P38936,1464
P20963,1465
P30273,1465
P08523,1466
Q13526,1467
Q08826,1468
O60493,1468
Q24F70,1469
G4NEJ8,1470
J7FTI7,1471
D6PZY5,1471
Q8NQJ3,1472
P9WJA9,1472
P53816,1473
Q9NWW9,1473
Q9HZJ8,1474
C6ECL5,1475
P61244,1476
P61244-2,1476
Q15185,1477
Q682I1,1478
Q9FIC3,1478
P0ABQ4,1479
P69490,1480
Q20363,1481
P19594,1482
Q647G9,1482
P03126,1483
P26554,1483
S6AWC2,1484
P17838,1485
P53330,1486
Q8BHZ5,1487
P83731,1488
P52298,1489
P0ABE0,1490
P0ABD8,1490
Q9Y237-2,1491
Q9Y237-1,1491
P22239,1492
P20435,1493
P36595,1493
Q49ZM2,1494
P0AG86,1495
P02185,1496
P63241,1497
P40019,1498
Q9Y3D6,1499
Q56311,1500
P0ABS1,1501
P12810,1502
P01160,1503
Q9L9I0,1504
P47273,1505
P44654,1506
A4C1A5,1507
Q62264,1508
P16949,1509
Q6P3W2,1510
P68466,1511
P38293,1512
Q97W73,1513
Q57733,1514
P00127,1515
Q96E14,1516
O70200,1517
P0AFC3,1518
Q8GY31,1519
Q8NI22,1520
P01034,1521
P28325,1521
P09132,1522
P22179,1523
Q95V77,1524
E6PBU3,1525
Q8N4Q1,1526
Q14019,1527
Q42512,1528
Q9SIN5,1528
O70480,1529
P37840,1530
Q16143,1530
O76070,1530
Q9V452,1531
O70201,1532
O75817,1533
A0A220GHA5,1534
P0AG11,1535
Q97W59,1536
E1BSW7,1537
P27356,1538
Q15726,1539
P0AE98,1540
Q24570,1541
Q1HRL7,1542
P62965,1543
P0ACF8,1544
Q885L4,1545
P50106,1546
P84233,1547
O00488,1548
P16860,1549
O00585,1550
O14810,1551
Q02363,1552
Q44177,1553
P69411,1554
P56210,1555
P0ACG8,1556
P0A7G2,1557
Q84ZX5,1558
P03709,1559
Q9LZP9,1560
A6Q0K5,1560
Q6BBK3,1560
P36886,1561
Q8PMB6,1562
P04908,1563
P02263,1563
P84051,1563
Q71UI9,1563
Q96GU1,1564
O60829,1564
Q9M605,1565
Q9NX55,1566
P15382,1567
Q9R224,1568
P44228,1569
O60880,1570
P53999,1571
Q9NRJ3,1572
O60927,1573
Q9Y3M2,1574
Q38151,1575
P06899,1576
P0C1H4,1576
P02283,1576
G0SCY6,1577
P62318,1578
P62320,1578
P62323,1578
Q80FJ1,1579
Q9Y3B4,1580
O25555,1581
P0A7S3,1582
G1TDB3,1583
P56254,1584
P46984,1585
P32774,1586
P77667,1587
P0DJI8,1588
P05367,1588
P59635,1589
P0DTC7,1589
A4ZNR2,1590
P60006,1591
P0A7K2,1592
O14352,1593
B0FRH7,1594
Q5ZYC9,1595
P09415,1596
Q13542,1597
Q13541,1597
A8CDV5,1598
O67086,1599
Q9BTL3,1600
Q82S91,1601
P27392,1602
P03714,1603
Q9MAB9,1604
P19957,1605
P63027,1606
P63045,1606
P25814,1607
P04325,1608
P04616,1608
P69718,1608
Q9JLC3,1609
P0A8S9,1610
P01215,1611
Q08655,1612
P05387,1613
P02400,1613
P53905,1614
O74499,1614
O14519,1615
P0C5S4,1616
P05386,1617
P05318,1617
P47992,1618
P51671,1618
P41567,1619
P0AD49,1620
P02783,1621
Q07932,1622
P20220,1623
P13338,1624
P0AE70,1625
P38582,1626
P9WHJ5,1627
P25638,1628
Q15004,1629
Q9UMZ1,1630
P01252,1630
P06454,1630
Q9BSY4,1631
Q96DE5,1632
P0AES9,1633
O05574,1634
P22943,1635
P01096,1636
P47093,1637
P02631,1638
P02628,1638
P02619,1638
E1UJ20,1638
P52926,1639
P02721,1640
P08245,1641
P0A882,1642
G1K3N3,1643
P62877,1644
P52695,1645
P03045,1646
P17096,1647
P23632,1648
P63292,1649
Q9NR00,1650
O61667,1651
P21736,1652
P03129,1652
P0A8Q6,1653
P00004,1654
Q9CX60,1655
I1JLC8,1656
P17639,1656
B8YB65,1657
Q9KMA5,1658
Q04964,1659
Q9NRY2,1660
A1B602,1661
Q47785,1662
Q8GT36,1663
Q9JM54,1664
P62799,1665
P84040,1665
P62805,1665
P02309,1665
Q9Y6H6,1666
Q7Q3R9,1667
Q96FQ6,1668
P26447,1668
P33763,1668
P04271,1668
P27469,1669
O28362,1670
Q9Q8E9,1671
P0A6X3,1672
Q97ZL0,1673
Q6MRH6,1674
P12506,1675
Q1PAB4,1675
Q98XH7,1675
P04608,1675
D2CPS8,1675
P69697,1675
P04610,1675
P20879,1675
P04613,1675
P04611,1675
P20893,1675
P47910,1676
P02655,1677
Q12306,1678
P63165,1678
O73557,1679
A0A097F4I8,1679
N1NXA6,1680
Q03071,1681
A0A0H3LBR3,1682
P0A6R3,1683
Q76LA1,1684
Q9SLJ2,1685
P13848,1686
P59636,1687
P76063,1688
P26477,1689
P0A6G1,1690
A6NF83,1691
Q96273,1692
J9V8B5,1693
P22362,1694
P9WNK3,1695
P12520,1696
Q72500,1696
P56621,1697
P0C077,1698
Q98157,1699
Q9Y258,1699
Q70Q12,1700
C6ZFX3,1701
Q9Y7M4,1702
P0A7U3,1703
Q88MI5,1704
P0A7L8,1705
Q9RY65,1705
P05204,1706
P02313,1706
Q4VP08,1707
P69428,1708
Q63K18,1709
O94742,1710
Q9XES8,1711
Q8NM20,1712
P10997,1713
O75324,1714
O66683,1715
Q9BP37,1716
A0A140GKJ0,1717
P23873,1718
J7QA90,1719
P04972,1720
P23828,1721
P0AG63,1721
P9WF19,1722
Q7YUB9,1723
Q06406,1724
M1GUG5,1725
O60200,1726
O43715,1726
P01097,1727
Q8NHZ8,1728
P68688,1729
P9WJ35,1730
Q9NJS1,1731
P22995,1732
P69346,1733
O60356,1734
Q7B2Z6,1735
P0AE72,1736
Q3E840,1737
J2EKT7,1738
P31087,1739
Q9I322,1740
Q9ZLR7,1741
O25010,1741
P19554,1742
P13183,1743
Q86FP9,1744
Q86FP8,1744
O13916,1745
P0C079,1746
O89467,1747
P60761,1748
P80220,1749
O31818,1750
P61926,1751
P61925,1751
Q9KJ82,1752
O75506,1753
P0A7T7,1754
P0DTC4,1755
P0A968,1756
Q06253,1757
P22531,1758
O54465,1759
P62552,1760
P68927,1761
A0MHA3,1762
P03086,1763
O14140,1764
P9WIP5,1765
P02315,1766
P60896,1767
P10175,1768
P40422,1769
O31467,1770
P01501,1771
Q12287,1772
Q8QWD4,1773
P60058,1774
P01094,1775
P03040,1776
Q8N300,1777
P01050,1778
P0A8H9,1779
P73124,1780
A0A068MVV3,1780
Q9FUM5,1781
P9WHN5,1782
Q5JH72,1783
Q14061,1784
P0ACX9,1785
Q8XAD5,1786
P15340,1787
P48539,1788
P02808,1789
P15516,1789
A0A0H3CFC9,1790
Q6Q547,1791
G8HXD9,1792
O34800,1793
P60460,1794
P03050,1795
P61012,1796
O24172,1797
P81455,1798
Q8HYY9,1798
P0C0Y1,1799
Q7Z094,1800
P62328,1801
P62326,1801
Q9RSK0,1802
P68005,1803
P85800,1804
Q8IVG9,1805
P0C8E0,1806
P0C8E1,1806